alpha,mean_mmse,std_mmse
0.2,0.037594150134988846,0.0032661132837466184
0.4,0.033108145459563976,0.0030385871442962214
0.6,0.0302904014097993,0.0020000748417940755
0.8,0.03168384240048802,0.0014247687924294433
1.0,0.03351257912270318,0.0011765114619774857
1.2,0.03485516509809538,0.0012416867188451291
1.4,0.03595258836919598,0.0008814217945135991
1.6,0.03621939512631654,0.0009599488182734494
1.8,0.03717757305257575,0.0008886156706444073
2.0,0.036718728695059835,0.0009432057461147385
